{"cameraMode":{"drawMode":0,"name":"Shaded","section":"Shading Mode"},"sceneLighting":true,"audioPlay":false,"sceneViewState":{"showFog":true,"showMaterialUpdate":false,"showSkybox":true,"showFlares":true,"showImageEffects":true,"showParticleSystems":true},"in2DMode":false,"pivot":{"x":9.780752182006836,"y":2.581204414367676,"z":0.5711277723312378},"rotation":{"x":0.12052025645971298,"y":-0.7103888392448425,"z":0.1255313754081726,"w":0.681969165802002},"size":0.7293580770492554,"orthographic":false}