{"cameraMode":{"drawMode":0,"name":"Shaded","section":"Shading Mode"},"sceneLighting":true,"audioPlay":false,"sceneViewState":{"showFog":true,"showMaterialUpdate":false,"showSkybox":true,"showFlares":true,"showImageEffects":true,"showParticleSystems":true},"in2DMode":false,"pivot":{"x":410.45867919921877,"y":129.25827026367188,"z":3.214404582977295},"rotation":{"x":0.0029984868597239258,"y":0.03149469941854477,"z":-0.00009447249613003805,"w":0.9995000958442688},"size":343.1953125,"orthographic":true}