{"cameraMode":{"drawMode":0,"name":"Shaded","section":"Shading Mode"},"sceneLighting":true,"audioPlay":false,"sceneViewState":{"showFog":true,"showMaterialUpdate":false,"showSkybox":true,"showFlares":true,"showImageEffects":true,"showParticleSystems":true},"in2DMode":false,"pivot":{"x":85.64250183105469,"y":-49.13218307495117,"z":467.90509033203127},"rotation":{"x":0.0644499659538269,"y":0.013471310026943684,"z":-0.0008720661862753332,"w":0.9978363513946533},"size":625.1168212890625,"orthographic":false}